semester_code,course_code,ga,assessment_title,status,rubric_url,notes
7660,ACCT1101,GA1,"A3 Final Exam, short-answer questions (individual, invigilated)",Active,https://uq.sharepoint.com/teams/bs3u7kls/Shared%20Documents/Curriculum%20Uplift%20and%20New%20Course%20Development/01.%20Assurance%20of%20Learning%20(AoL)/4.%20AoL%20(Sean)/ACCT1101/ACCT1101_A3_Rubric_GA1.docx,
7660,ACCT1102,GA5,A2 Group Assignment (20%),Awaiting LD check,https://uq.sharepoint.com/teams/bs3u7kls/Shared%20Documents/Curriculum%20Uplift%20and%20New%20Course%20Development/01.%20Assurance%20of%20Learning%20(AoL)/4.%20AoL%20(Sean)/ACCT1102/ACCT1102%20A2%20Rubric.pdf,
7620,ACCT1110,GA1,A1 Tutorial Preparation Tasks (20%),Awaiting LD check,https://uq.sharepoint.com/teams/bs3u7kls/Shared%20Documents/Curriculum%20Uplift%20and%20New%20Course%20Development/01.%20Assurance%20of%20Learning%20(AoL)/4.%20AoL%20(Sean)/ACCT1110/ACCT1110-Assessment%201%20Rubric.pdf,
7660,ACCT1112,GA2,Group Assignment: Case Study,Awaiting LD check,https://uq.sharepoint.com/teams/bs3u7kls/Shared%20Documents/Curriculum%20Uplift%20and%20New%20Course%20Development/01.%20Assurance%20of%20Learning%20(AoL)/4.%20AoL%20(Sean)/ACCT1112/ACCT1112_Group%20Assignment%20Marking%20Rubric.pdf,
7660,ACCT3101,GA5,Group Assignment,Awaiting LD check,https://uq.sharepoint.com/teams/bs3u7kls/Shared%20Documents/Curriculum%20Uplift%20and%20New%20Course%20Development/01.%20Assurance%20of%20Learning%20(AoL)/4.%20AoL%20(Sean)/ACCT3101/ACCT3101_AoL_gradebook_rubric_note_15Sep2026.md,
7660,ACCT3103,GA5,Individual Video Presentation (20%),Awaiting LD check,https://uq.sharepoint.com/teams/bs3u7kls/Shared%20Documents/Curriculum%20Uplift%20and%20New%20Course%20Development/01.%20Assurance%20of%20Learning%20(AoL)/4.%20AoL%20(Sean)/ACCT3103/ACCT3103%20-%20Assessment%20AoL%20Rubric.pdf,
7660,FINM1416,GA3,"A1 Workshop group reports, with individual marks through peer assessment. GA3 splits across Workshop 1 (Community Understanding, Collaboration) and Workshop 2 (Social Impact)",Active,,
7660,ACCT3104,GA1,A2,Awaiting LD check,https://uq.sharepoint.com/teams/bs3u7kls/Shared%20Documents/Curriculum%20Uplift%20and%20New%20Course%20Development/01.%20Assurance%20of%20Learning%20(AoL)/4.%20AoL%20(Sean)/ACCT3104/ACCT3104_AoL_gradebook_rubric_note_15Sep2026.md,
7660,ACCT3106,GA2,A2 Financial Analysis and Valuation (20%),Awaiting LD check,https://uq.sharepoint.com/teams/bs3u7kls/Shared%20Documents/Curriculum%20Uplift%20and%20New%20Course%20Development/01.%20Assurance%20of%20Learning%20(AoL)/4.%20AoL%20(Sean)/ACCT3106/Stage2%20ACCT3106%20A2%20-%20AoLRubricDRAFT.docx,
7620,ACCT7804,GA5,A1 Corporate Analysis Briefing,Awaiting LD check,https://uq.sharepoint.com/teams/bs3u7kls/Shared%20Documents/Curriculum%20Uplift%20and%20New%20Course%20Development/01.%20Assurance%20of%20Learning%20(AoL)/4.%20AoL%20(Sean)/ACCT7804/ACCT7804_AoL_gradebook_rubric_note_15Sep2026.md,
7660,BISM1201,GA2,A1 IS Analysis Report (individual),"Approved, not installed",https://uq.sharepoint.com/teams/bs3u7kls/Shared%20Documents/Curriculum%20Uplift%20and%20New%20Course%20Development/01.%20Assurance%20of%20Learning%20(AoL)/4.%20AoL%20(Sean)/BISM1201/BISM1201_A1_Rubric_GA2_v2.docx,
7620,BISM7202,GA2,A1 MS Excel Assignment and Reflective Essay,Awaiting LD check,https://uq.sharepoint.com/teams/bs3u7kls/Shared%20Documents/Curriculum%20Uplift%20and%20New%20Course%20Development/01.%20Assurance%20of%20Learning%20(AoL)/4.%20AoL%20(Sean)/BISM7202/BISM%207202%20Rubric%20Excel%20assignment.pdf,
7660,BISM7208,GA5,A3 Digital Transformation Hackathon Project,Awaiting LD check,https://uq.sharepoint.com/teams/bs3u7kls/Shared%20Documents/Curriculum%20Uplift%20and%20New%20Course%20Development/01.%20Assurance%20of%20Learning%20(AoL)/4.%20AoL%20(Sean)/BISM7208/BISM7208_A3_Rubric.pdf,
7620,BISM7221,GA6,Business Consulting Report: IS Recommendations (40%),Awaiting LD check,https://uq.sharepoint.com/teams/bs3u7kls/Shared%20Documents/Curriculum%20Uplift%20and%20New%20Course%20Development/01.%20Assurance%20of%20Learning%20(AoL)/4.%20AoL%20(Sean)/BISM7221/BISM7221%20Report%20-%20Business%20Consulting%20Report%20Assessment%20Rubric%202026S1.pdf,
7660,MGTS3602,GA3,A2: Case Analysis Report (Group Assignment),Active,https://uq.sharepoint.com/teams/bs3u7kls/Shared%20Documents/Curriculum%20Uplift%20and%20New%20Course%20Development/01.%20Assurance%20of%20Learning%20(AoL)/4.%20AoL%20(Sean)/MGTS3602/MGTS3602_A2_Rubric_GA3.docx,
7660,BSAN2201,GA2,A2: C1,Active,https://uq.sharepoint.com/teams/bs3u7kls/Shared%20Documents/Curriculum%20Uplift%20and%20New%20Course%20Development/01.%20Assurance%20of%20Learning%20(AoL)/4.%20AoL%20(Sean)/BSAN2201/BSAN2201_A2C1_Rubric_GA2_1.docx,
7660,BSAN2204,GA1,,Active,,
7660,BSAN2205,GA5,A1 and A3,Active,,
7660,BSAN3212,GA6,A1,Active,,
7660,BSAN7206,GA2,A1 Data Warehousing Project Part 1 (40%),Awaiting LD check,https://uq.sharepoint.com/teams/bs3u7kls/Shared%20Documents/Curriculum%20Uplift%20and%20New%20Course%20Development/01.%20Assurance%20of%20Learning%20(AoL)/4.%20AoL%20(Sean)/BSAN7206/BSAN7206_A1_Rubric.pdf,
7660,DECO1100,,,N/A,,
7660,ECON1011,,,N/A,,
7660,ECON2060,,,N/A,,
7620,EIBS7300,GA5,A1 Building Empathy through User Journey Mapping,Awaiting LD check,https://uq.sharepoint.com/teams/bs3u7kls/Shared%20Documents/Curriculum%20Uplift%20and%20New%20Course%20Development/01.%20Assurance%20of%20Learning%20(AoL)/4.%20AoL%20(Sean)/EIBS7300/%5BEIBS7300%5D%20Assessment%201_Rubric_2026.pdf,
7660,EIBS7304,GA6,A2 Wellbeing Polarity Leadership,Awaiting LD check,https://uq.sharepoint.com/teams/bs3u7kls/Shared%20Documents/Curriculum%20Uplift%20and%20New%20Course%20Development/01.%20Assurance%20of%20Learning%20(AoL)/4.%20AoL%20(Sean)/EIBS7304/EIBS7304_Assessment%202_Wellbeing%20Polarity%20Map_Rubric_GA6%20Respectful%20Leaders.pdf,
7660,EIBS7311,GA2,A3 Final Business Model Report,Awaiting LD check,https://uq.sharepoint.com/teams/bs3u7kls/Shared%20Documents/Curriculum%20Uplift%20and%20New%20Course%20Development/01.%20Assurance%20of%20Learning%20(AoL)/4.%20AoL%20(Sean)/EIBS7311/EIBS7311_AoL_gradebook_rubric_note_15Sep2026.md,
7660,FINM2415,GA5,A2 Groupwork Report (25%),Awaiting LD check,https://uq.sharepoint.com/teams/bs3u7kls/Shared%20Documents/Curriculum%20Uplift%20and%20New%20Course%20Development/01.%20Assurance%20of%20Learning%20(AoL)/4.%20AoL%20(Sean)/FINM2415/FINM2415-Group%20Assignment-Marking%20Rubric.pdf,
7660,FINM3405,GA2,"A2 Case Study, groupwork (30%)",Awaiting LD check,https://uq.sharepoint.com/teams/bs3u7kls/Shared%20Documents/Curriculum%20Uplift%20and%20New%20Course%20Development/01.%20Assurance%20of%20Learning%20(AoL)/4.%20AoL%20(Sean)/FINM3405/Group%20Assignment%20Marking%20Rubric.pdf,
7620,FINM3422,GA1,A1 Turnaround Case Study,Awaiting LD check,https://uq.sharepoint.com/teams/bs3u7kls/Shared%20Documents/Curriculum%20Uplift%20and%20New%20Course%20Development/01.%20Assurance%20of%20Learning%20(AoL)/4.%20AoL%20(Sean)/FINM3422/AoL%20mapped%20FINM3422%20A1-VantageCaseStudyRubric.pdf,
7620,FINM7101,GA2,A1 Data Analysis Task,Awaiting LD check,https://uq.sharepoint.com/teams/bs3u7kls/Shared%20Documents/Curriculum%20Uplift%20and%20New%20Course%20Development/01.%20Assurance%20of%20Learning%20(AoL)/4.%20AoL%20(Sean)/FINM7101/FINM7101-A1%20Rubric%20AoL%202026.pdf,
7620,FINM7103,GA6,A3 Oral Interview (20%),Awaiting LD check,https://uq.sharepoint.com/teams/bs3u7kls/Shared%20Documents/Curriculum%20Uplift%20and%20New%20Course%20Development/01.%20Assurance%20of%20Learning%20(AoL)/4.%20AoL%20(Sean)/FINM7103/FINM7103_S1%202026_A3_Rubric.pdf,
7620,MGTS3607,GA3,A1:Executive Summary,Active,https://uq.sharepoint.com/teams/bs3u7kls/Shared%20Documents/Curriculum%20Uplift%20and%20New%20Course%20Development/01.%20Assurance%20of%20Learning%20(AoL)/4.%20AoL%20(Sean)/MGTS3607/MGTS3607_A1_ES%20_Case%20Study_Rubric_(GA3).pdf,
7620,FINM7104,GA1,A2 Critical Analysis (60%),Awaiting LD check,https://uq.sharepoint.com/teams/bs3u7kls/Shared%20Documents/Curriculum%20Uplift%20and%20New%20Course%20Development/01.%20Assurance%20of%20Learning%20(AoL)/4.%20AoL%20(Sean)/FINM7104/FINM7104%20A2%20AoL%20Rubric.pdf,
7660,FINM7106,GA5,A3 Groupwork Presentation (40%),Awaiting LD check,https://uq.sharepoint.com/teams/bs3u7kls/Shared%20Documents/Curriculum%20Uplift%20and%20New%20Course%20Development/01.%20Assurance%20of%20Learning%20(AoL)/4.%20AoL%20(Sean)/FINM7106/FINM7106%20A3%20Group%20presentation%20AoL%20Rubric%202026.pdf,
7620,FINM7108,GA4,A4 Reflection,Awaiting LD check,https://uq.sharepoint.com/teams/bs3u7kls/Shared%20Documents/Curriculum%20Uplift%20and%20New%20Course%20Development/01.%20Assurance%20of%20Learning%20(AoL)/4.%20AoL%20(Sean)/FINM7108/FINM7108-A4%20Reflection%20Rubric.pdf,
7660,FINM7402,GA1,A3 Case Study Assignment,Awaiting LD check,https://uq.sharepoint.com/teams/bs3u7kls/Shared%20Documents/Curriculum%20Uplift%20and%20New%20Course%20Development/01.%20Assurance%20of%20Learning%20(AoL)/4.%20AoL%20(Sean)/FINM7402/2%20FINM7402%20Marking%20Rubric.pdf,
7660,FINM7407,GA5,A2 Case Study Assignment,Awaiting LD check,https://uq.sharepoint.com/teams/bs3u7kls/Shared%20Documents/Curriculum%20Uplift%20and%20New%20Course%20Development/01.%20Assurance%20of%20Learning%20(AoL)/4.%20AoL%20(Sean)/FINM7407/FINM7407_S2%202026_A2_AoL%20Rubric.pdf,
7620,FINM7409,GA2,A2 Investment Proposal (30%),Awaiting LD check,https://uq.sharepoint.com/teams/bs3u7kls/Shared%20Documents/Curriculum%20Uplift%20and%20New%20Course%20Development/01.%20Assurance%20of%20Learning%20(AoL)/4.%20AoL%20(Sean)/FINM7409/Rubric%20-%20Investment%20Proposal%20Report.pdf,
7660,MGTS7603,GA3,A2: Current Issues in SHRM in Organisations,Partial mapping,,
7620,FINM7805,GA2,A2: Team Project,Active,https://uq.sharepoint.com/teams/bs3u7kls/Shared%20Documents/Curriculum%20Uplift%20and%20New%20Course%20Development/01.%20Assurance%20of%20Learning%20(AoL)/4.%20AoL%20(Sean)/FINM7805/FINM7805_A2_Rubric_GA2.docx,
7660,HOSP2006,GA2,A1 Simulation Report and Reflection,Awaiting LD check,https://uq.sharepoint.com/teams/bs3u7kls/Shared%20Documents/Curriculum%20Uplift%20and%20New%20Course%20Development/01.%20Assurance%20of%20Learning%20(AoL)/4.%20AoL%20(Sean)/HOSP2006/Ind_Reflection_HOSP2006.pdf,
7620,MGTS7618,GA3,A1: Wise Leadership Social Entrepreneurship Initiative,Active,https://uq.sharepoint.com/teams/bs3u7kls/Shared%20Documents/Curriculum%20Uplift%20and%20New%20Course%20Development/01.%20Assurance%20of%20Learning%20(AoL)/4.%20AoL%20(Sean)/MGTS7618/MGTS7618_A1_Rubric_GA3.docx,
7660,HOSP3000,GA5,A1 Board Discussion of a Casino Development,Awaiting LD check,https://uq.sharepoint.com/teams/bs3u7kls/Shared%20Documents/Curriculum%20Uplift%20and%20New%20Course%20Development/01.%20Assurance%20of%20Learning%20(AoL)/4.%20AoL%20(Sean)/HOSP3000/HOSP3000%20A1_TaskDescriptionRubric.pdf,
7660,HOSP3005,GA6,Reflective Vlog,Awaiting LD check,https://uq.sharepoint.com/teams/bs3u7kls/Shared%20Documents/Curriculum%20Uplift%20and%20New%20Course%20Development/01.%20Assurance%20of%20Learning%20(AoL)/4.%20AoL%20(Sean)/HOSP3005/HOSP3005%20Reflective%20YouTube%20Vlog%20Rubric.docx,
7620,HOSP7050,GA5,Emerging Trends and Future F&B Experience Design: Reflections,Awaiting LD check,https://uq.sharepoint.com/teams/bs3u7kls/Shared%20Documents/Curriculum%20Uplift%20and%20New%20Course%20Development/01.%20Assurance%20of%20Learning%20(AoL)/4.%20AoL%20(Sean)/HOSP7050/HOSP7050_AoL_gradebook_rubric_note_15Sep2026.md,
7660,HOSP7051,GA1,Industry Forum,Awaiting LD check,https://uq.sharepoint.com/teams/bs3u7kls/Shared%20Documents/Curriculum%20Uplift%20and%20New%20Course%20Development/01.%20Assurance%20of%20Learning%20(AoL)/4.%20AoL%20(Sean)/HOSP7051/HOSP7051_AoL_gradebook_rubric_note_15Sep2026.md,
7660,HOSP7053,GA6,A2: Leadership Analysis and Self-Evaluation (40%),Active,https://uq.sharepoint.com/teams/bs3u7kls/Shared%20Documents/Curriculum%20Uplift%20and%20New%20Course%20Development/01.%20Assurance%20of%20Learning%20(AoL)/4.%20AoL%20(Sean)/HOSP7053/HOSP7053_A2_Rubric_GA6.docx,
7660,TOUR7050,GA3,A3: Special Interest Tour Design (25%),Active,https://uq.sharepoint.com/teams/bs3u7kls/Shared%20Documents/Curriculum%20Uplift%20and%20New%20Course%20Development/01.%20Assurance%20of%20Learning%20(AoL)/4.%20AoL%20(Sean)/TOUR7050/TOUR7050_A3_Rubric_GA3.docx,
7660,IBUS2301,GA5,A1 Company Pitches,Awaiting LD check,https://uq.sharepoint.com/teams/bs3u7kls/Shared%20Documents/Curriculum%20Uplift%20and%20New%20Course%20Development/01.%20Assurance%20of%20Learning%20(AoL)/4.%20AoL%20(Sean)/IBUS2301/Rubric%20(Company%20Pitches).docx,
7660,IBUS3310,GA2,Team Case Study Presentation (in tutorial),Awaiting LD check,https://uq.sharepoint.com/teams/bs3u7kls/Shared%20Documents/Curriculum%20Uplift%20and%20New%20Course%20Development/01.%20Assurance%20of%20Learning%20(AoL)/4.%20AoL%20(Sean)/IBUS3310/IBUS3310%20Team%20Presentation%20Rubric.pdf,
7660,IBUS4301,GA1,A1 Discussion,Awaiting LD check,https://uq.sharepoint.com/teams/bs3u7kls/Shared%20Documents/Curriculum%20Uplift%20and%20New%20Course%20Development/01.%20Assurance%20of%20Learning%20(AoL)/4.%20AoL%20(Sean)/IBUS4301/IBUS4301%20Discussion%20Outline%20and%20Rubric.pdf,
7620,MGTS3604,GA3,A1: Portfolio: Case Analysis and Executive Summaries (30%),Active,https://uq.sharepoint.com/teams/bs3u7kls/Shared%20Documents/Curriculum%20Uplift%20and%20New%20Course%20Development/01.%20Assurance%20of%20Learning%20(AoL)/4.%20AoL%20(Sean)/MGTS3604/MGTS3604_A1_Rubric_GA3%20%20S1%2026.pdf,
7660,IBUS7302,GA1,A2 Topic Analysis Assignment,Awaiting LD check,https://uq.sharepoint.com/teams/bs3u7kls/Shared%20Documents/Curriculum%20Uplift%20and%20New%20Course%20Development/01.%20Assurance%20of%20Learning%20(AoL)/4.%20AoL%20(Sean)/IBUS7302/IBUS7302_AoL_gradebook_rubric_note_15Sep2026.md,
7660,IBUS7312,GA2,A3 Business in An Asian Region: Research Essay (30%),Awaiting LD check,https://uq.sharepoint.com/teams/bs3u7kls/Shared%20Documents/Curriculum%20Uplift%20and%20New%20Course%20Development/01.%20Assurance%20of%20Learning%20(AoL)/4.%20AoL%20(Sean)/IBUS7312/IBUS7312%20Rubric%20-%20A3.pdf,
7660,LAWS1100,,,N/A,,
7660,MGTS1301,GA4,Final Exam,Active,https://uq.sharepoint.com/teams/bs3u7kls/Shared%20Documents/Curriculum%20Uplift%20and%20New%20Course%20Development/01.%20Assurance%20of%20Learning%20(AoL)/4.%20AoL%20(Sean)/MGTS1301/MGTS1301_FinalExam_Rubric_GA4_2026S2.docx,
7660,MGTS1301,GA6,A2 Structured Analysis of Everest Simulation,Active,https://uq.sharepoint.com/teams/bs3u7kls/Shared%20Documents/Curriculum%20Uplift%20and%20New%20Course%20Development/01.%20Assurance%20of%20Learning%20(AoL)/4.%20AoL%20(Sean)/MGTS1301/MGTS1301_Everest%20Simulation_Rubric_2026S2_130826.docx,
7660,MGTS1601,GA5,A2 Team Workshop,Active,https://uq.sharepoint.com/teams/bs3u7kls/Shared%20Documents/Curriculum%20Uplift%20and%20New%20Course%20Development/01.%20Assurance%20of%20Learning%20(AoL)/4.%20AoL%20(Sean)/MGTS1601/MGTS1601_A2_Rubric_GA5.docx,
7700,MGTS2603,GA1,A2,Identified,,
7660,MGTS2604,GA1,A1: Research Essay,Active,https://uq.sharepoint.com/teams/bs3u7kls/Shared%20Documents/Curriculum%20Uplift%20and%20New%20Course%20Development/01.%20Assurance%20of%20Learning%20(AoL)/4.%20AoL%20(Sean)/MGTS2604/MGTS2604_Assessment%20One%20Research%20Essay%20Marking%20Rubric.pdf,
7620,MGTS2604,GA5,A2: Career Plan Report,Identified,https://uq.sharepoint.com/teams/bs3u7kls/Shared%20Documents/Curriculum%20Uplift%20and%20New%20Course%20Development/01.%20Assurance%20of%20Learning%20(AoL)/4.%20AoL%20(Sean)/MGTS2604/Assessment%202%20-%20Career%20Plan%20Report%20Marking%20Rubric%20(GA5).pdf,
7660,MGTS2606,GA5,A3: Textographic Presentation,Active,https://uq.sharepoint.com/teams/bs3u7kls/Shared%20Documents/Curriculum%20Uplift%20and%20New%20Course%20Development/01.%20Assurance%20of%20Learning%20(AoL)/4.%20AoL%20(Sean)/MGTS2606/MGTS2606_A3_Rubric_GA5.pdf,
7620,EIBS7301,GA3,A3 Idea Management Strategy,Awaiting LD check,https://uq.sharepoint.com/teams/bs3u7kls/Shared%20Documents/Curriculum%20Uplift%20and%20New%20Course%20Development/01.%20Assurance%20of%20Learning%20(AoL)/4.%20AoL%20(Sean)/EIBS7301/EIBS7301%20A3%20Hackathon%20rubric.pdf,
7660,MGTS2607,GA4,"A2: Indigenous Reflection (10%), in-class and secure",Active,https://uq.sharepoint.com/teams/bs3u7kls/Shared%20Documents/Curriculum%20Uplift%20and%20New%20Course%20Development/01.%20Assurance%20of%20Learning%20(AoL)/4.%20AoL%20(Sean)/MGTS2607/MGTS2607_A2_Rubric_GA4.docx,
7660,MGTS2607,,,TBD,,
7620,FINM7102,GA3,A1 Written Paper (30%),Awaiting LD check,https://uq.sharepoint.com/teams/bs3u7kls/Shared%20Documents/Curriculum%20Uplift%20and%20New%20Course%20Development/01.%20Assurance%20of%20Learning%20(AoL)/4.%20AoL%20(Sean)/FINM7102/AoL%20GA3%20FINM7102-A1%20Rubric%20FINAL.pdf,
7660,MGTS2609,GA2,A1,Identified,,
7660,MGTS2609,GA1,A2,Identified,,
7620,MGTS3601,GA6,A2: Group Report,Active,https://uq.sharepoint.com/teams/bs3u7kls/Shared%20Documents/Curriculum%20Uplift%20and%20New%20Course%20Development/01.%20Assurance%20of%20Learning%20(AoL)/4.%20AoL%20(Sean)/MGTS3601/MGTS3601%20A2%20Group%20Report%20(GA6).docx,
7620,MGTS3601,GA5,A1: Organisational Change Consulting Presentation,Active,https://uq.sharepoint.com/teams/bs3u7kls/Shared%20Documents/Curriculum%20Uplift%20and%20New%20Course%20Development/01.%20Assurance%20of%20Learning%20(AoL)/4.%20AoL%20(Sean)/MGTS3601/MGTS3601%20A1%20(GA5).docx,
7660,MGTS3602,GA6,A3: Reflective Exam,Identified,,
7660,MGTS3603,,,TBD,,
7620,MGTS3604,GA6,A2: report on Training Program and Evaluation,Partial mapping,https://uq.sharepoint.com/teams/bs3u7kls/Shared%20Documents/Curriculum%20Uplift%20and%20New%20Course%20Development/01.%20Assurance%20of%20Learning%20(AoL)/4.%20AoL%20(Sean)/MGTS3604/MGTS3604_A2_Rubric_(GA6).pdf,
7660,MGTS3605,,,TBD,,
7620,MGTS3607,GA2,A2: Report on Evaluation of a Performance Management System,Partial mapping,https://uq.sharepoint.com/teams/bs3u7kls/Shared%20Documents/Curriculum%20Uplift%20and%20New%20Course%20Development/01.%20Assurance%20of%20Learning%20(AoL)/4.%20AoL%20(Sean)/MGTS3607/MGTS3607_A2_Rubric_(GA2).pdf,
7660,MGTS3609,GA5,A2: Group Presentation,Active,https://uq.sharepoint.com/teams/bs3u7kls/Shared%20Documents/Curriculum%20Uplift%20and%20New%20Course%20Development/01.%20Assurance%20of%20Learning%20(AoL)/4.%20AoL%20(Sean)/MGTS3609/MGTS3609%20A2%20Groupwork%20RUBRIC.docx,
7620,MGTS7301,GA3,A3 Individual Reflection (S1 2026),Awaiting LD check,https://uq.sharepoint.com/teams/bs3u7kls/Shared%20Documents/Curriculum%20Uplift%20and%20New%20Course%20Development/01.%20Assurance%20of%20Learning%20(AoL)/4.%20AoL%20(Sean)/MGTS7301/MGTS7301%20Assessment%203%20Business%20Tools%20For%20Making%20Decisions%20rubric.pdf,
7660,MGTS3610,,,TBD,,
7660,MGTS4602,GA6,A2: Four Frames Individual Report,Active,https://uq.sharepoint.com/teams/bs3u7kls/Shared%20Documents/Curriculum%20Uplift%20and%20New%20Course%20Development/01.%20Assurance%20of%20Learning%20(AoL)/4.%20AoL%20(Sean)/MGTS4602/MGTS4602_A2_Rubric_GA6%20(1).docx,
7620,MGTS4603,GA5,A1: Critical Analysis Presentation,Active,https://uq.sharepoint.com/teams/bs3u7kls/Shared%20Documents/Curriculum%20Uplift%20and%20New%20Course%20Development/01.%20Assurance%20of%20Learning%20(AoL)/4.%20AoL%20(Sean)/MGTS4603/MGTS4603_A1_Rubric_GA5.pdf,
7620,MGTS4603,GA1,A2: Research Proposal,Active,https://uq.sharepoint.com/teams/bs3u7kls/Shared%20Documents/Curriculum%20Uplift%20and%20New%20Course%20Development/01.%20Assurance%20of%20Learning%20(AoL)/4.%20AoL%20(Sean)/MGTS4603/MGTS4603_A2_Rubric_GA1.pdf,
7660,TIMS1301,GA3,A1 Understanding the Customer Problem,Awaiting LD check,https://uq.sharepoint.com/teams/bs3u7kls/Shared%20Documents/Curriculum%20Uplift%20and%20New%20Course%20Development/01.%20Assurance%20of%20Learning%20(AoL)/4.%20AoL%20(Sean)/TIMS1301/TIMS1301%20A1%20rubric.pdf,
7660,MGTS7523,GA5,A2 Systems Thinking Presentation (group),Awaiting LD check,https://uq.sharepoint.com/teams/bs3u7kls/Shared%20Documents/Curriculum%20Uplift%20and%20New%20Course%20Development/01.%20Assurance%20of%20Learning%20(AoL)/4.%20AoL%20(Sean)/MGTS7523/MGTS7523%20Assessment%202%20-%20Rubric%20(Presentation).pdf,
7660,MGTS7527,GA2,A1 Team Project Plan (30%),Awaiting LD check,https://uq.sharepoint.com/teams/bs3u7kls/Shared%20Documents/Curriculum%20Uplift%20and%20New%20Course%20Development/01.%20Assurance%20of%20Learning%20(AoL)/4.%20AoL%20(Sean)/MGTS7527/MGTS7527%20A1%20Rubric.pdf,
7660,MGTS7601,GA5,A1: Case Analysis Presentation (Group),Active,https://uq.sharepoint.com/teams/bs3u7kls/Shared%20Documents/Curriculum%20Uplift%20and%20New%20Course%20Development/01.%20Assurance%20of%20Learning%20(AoL)/4.%20AoL%20(Sean)/MGTS7601/MGTS7601_A1_Rubric%20(GA5).pdf,
7660,MGTS7601,GA6,A2: Critical Reflection: Indigeneity At Work (Individual),Active,https://uq.sharepoint.com/teams/bs3u7kls/Shared%20Documents/Curriculum%20Uplift%20and%20New%20Course%20Development/01.%20Assurance%20of%20Learning%20(AoL)/4.%20AoL%20(Sean)/MGTS7601/MGTS7601_A2_Rubric%20(GA6).pdf,
7660,MGTS7603,GA1,A1: In-Seminar Case Study (15%),"Built, awaiting coordinator",https://uq.sharepoint.com/teams/bs3u7kls/Shared%20Documents/Curriculum%20Uplift%20and%20New%20Course%20Development/01.%20Assurance%20of%20Learning%20(AoL)/4.%20AoL%20(Sean)/MGTS7603/MGTS7603_A1_Rubric_GA1.docx,
7660,MGTS7604,GA5,A3 International Assignment Advisory Pitch,Awaiting LD check,https://uq.sharepoint.com/teams/bs3u7kls/Shared%20Documents/Curriculum%20Uplift%20and%20New%20Course%20Development/01.%20Assurance%20of%20Learning%20(AoL)/4.%20AoL%20(Sean)/MGTS7604/MGTS7604%20A3%20Pitch.pdf,
7620,TOUR1003,GA3,A2 Stakeholder Meetings and Reflections,Awaiting LD check,https://uq.sharepoint.com/teams/bs3u7kls/Shared%20Documents/Curriculum%20Uplift%20and%20New%20Course%20Development/01.%20Assurance%20of%20Learning%20(AoL)/4.%20AoL%20(Sean)/TOUR1003/TOUR1003%20Ass2%20Stakeholder%20Meeting%20Rubric.pdf,
7620,MGTS7605,GA5,"A2: Evaluate and Design a Performance Management System, Team Report (30%)",Active,https://uq.sharepoint.com/teams/bs3u7kls/Shared%20Documents/Curriculum%20Uplift%20and%20New%20Course%20Development/01.%20Assurance%20of%20Learning%20(AoL)/4.%20AoL%20(Sean)/MGTS7605/MGTS7605_Assessment%202_Marking%20Rubric_TEAM%20REPORT.pdf,
7620,MGTS7608,GA6,A2 Individual Stakeholder and Ethics Analysis,Awaiting LD check,https://uq.sharepoint.com/teams/bs3u7kls/Shared%20Documents/Curriculum%20Uplift%20and%20New%20Course%20Development/01.%20Assurance%20of%20Learning%20(AoL)/4.%20AoL%20(Sean)/MGTS7608/Assessment%202%20rubric%20-%20Individual%20stakeholder%20and%20ethics%20analysis.pdf,
7660,MGTS7609,GA4,Research essay (50%),Identified,,
7620,MGTS7610,GA5,A1 In-semester Exam: Rationale and Business Communication,Awaiting LD check,https://uq.sharepoint.com/teams/bs3u7kls/Shared%20Documents/Curriculum%20Uplift%20and%20New%20Course%20Development/01.%20Assurance%20of%20Learning%20(AoL)/4.%20AoL%20(Sean)/MGTS7610/AoL%20Assessment%20rubric%20by%20assignment%20MGTS7610.pdf,
7660,MGTS7611,,,TBD,,
7660,MGTS7612,GA2,A2,Active,,
7660,MGTS7612,GA4,A3,Identified,,
7660,BISM2207,GA3,A2 System Development,Awaiting LD check,https://uq.sharepoint.com/teams/bs3u7kls/Shared%20Documents/Curriculum%20Uplift%20and%20New%20Course%20Development/01.%20Assurance%20of%20Learning%20(AoL)/4.%20AoL%20(Sean)/BISM2207/BISM2207%20rubric.pdf,
7660,BISM7206,GA3,A2 Database Design,Awaiting LD check,https://uq.sharepoint.com/teams/bs3u7kls/Shared%20Documents/Curriculum%20Uplift%20and%20New%20Course%20Development/01.%20Assurance%20of%20Learning%20(AoL)/4.%20AoL%20(Sean)/BISM7206/BISM7206%20A2%20Rubric%20S2.pdf,
7620,MGTS7618,GA2,A2: Preparing Your Path Ahead to Wise Leadership,Active,https://uq.sharepoint.com/teams/bs3u7kls/Shared%20Documents/Curriculum%20Uplift%20and%20New%20Course%20Development/01.%20Assurance%20of%20Learning%20(AoL)/4.%20AoL%20(Sean)/MGTS7618/MGTS7618_A2_Rubric_GA2.docx,
7620,MGTS7810,GA6,Assessment 2: Individual Case Analysis,"Approved, not installed",https://uq.sharepoint.com/teams/bs3u7kls/Shared%20Documents/Curriculum%20Uplift%20and%20New%20Course%20Development/01.%20Assurance%20of%20Learning%20(AoL)/4.%20AoL%20(Sean)/MGTS7810/MGTS7810_A2_Rubric_GA6_v2.docx,
7620,MGTS7812,GA4,A2: Closing the Gap Group Presentation,Active,https://uq.sharepoint.com/teams/bs3u7kls/Shared%20Documents/Curriculum%20Uplift%20and%20New%20Course%20Development/01.%20Assurance%20of%20Learning%20(AoL)/4.%20AoL%20(Sean)/MGTS7812/MGTS7812_A2_Rubric_GA4.docx,
7660,BSAN7209,GA3,A2 Project Initiation Document,Awaiting LD check,https://uq.sharepoint.com/teams/bs3u7kls/Shared%20Documents/Curriculum%20Uplift%20and%20New%20Course%20Development/01.%20Assurance%20of%20Learning%20(AoL)/4.%20AoL%20(Sean)/BSAN7209/BSAN7209_A2_Rubric.pdf,
7660,MKTG1501,GA2,A2 Marketing Plan Part 2: Marketing Strategy (individual report),Active,https://uq.sharepoint.com/teams/bs3u7kls/Shared%20Documents/Curriculum%20Uplift%20and%20New%20Course%20Development/01.%20Assurance%20of%20Learning%20(AoL)/4.%20AoL%20(Sean)/MKTG1501/MKTG1501_A2_Part2_Rubric_GA2_v3.docx,
7700,MKTG2501,GA5,A2 Case study research (45%),Identified,,
7660,MKTG7505,GA5,A1 New Product Concept Pitch,Awaiting LD check,https://uq.sharepoint.com/teams/bs3u7kls/Shared%20Documents/Curriculum%20Uplift%20and%20New%20Course%20Development/01.%20Assurance%20of%20Learning%20(AoL)/4.%20AoL%20(Sean)/MKTG7505/MKTG7505_A1_Rubric_GA5.docx,
7660,PSYC3052,,,N/A,,
7660,TIMS2301,GA2,A2 Case Analysis,Awaiting LD check,https://uq.sharepoint.com/teams/bs3u7kls/Shared%20Documents/Curriculum%20Uplift%20and%20New%20Course%20Development/01.%20Assurance%20of%20Learning%20(AoL)/4.%20AoL%20(Sean)/TIMS2301/TIMS2301_AoL_gradebook_rubric_note_15Sep2026.md,
7660,TIMS3309,GA2,A2 Innovation Case Study (Group Report) (40%),Awaiting LD check,https://uq.sharepoint.com/teams/bs3u7kls/Shared%20Documents/Curriculum%20Uplift%20and%20New%20Course%20Development/01.%20Assurance%20of%20Learning%20(AoL)/4.%20AoL%20(Sean)/TIMS3309/TIMS3309_Assessment%202_2026(1).pdf,
7620,TIMS7317,GA6,A2 Individual Reflection: Leadership Simulation,Awaiting LD check,https://uq.sharepoint.com/teams/bs3u7kls/Shared%20Documents/Curriculum%20Uplift%20and%20New%20Course%20Development/01.%20Assurance%20of%20Learning%20(AoL)/4.%20AoL%20(Sean)/TIMS7317/TIMS7317%20A2%20Rubric.pdf,
7660,TIMS7328,GA2,A3 Reflection on Scenario Planning,Awaiting LD check,https://uq.sharepoint.com/teams/bs3u7kls/Shared%20Documents/Curriculum%20Uplift%20and%20New%20Course%20Development/01.%20Assurance%20of%20Learning%20(AoL)/4.%20AoL%20(Sean)/TIMS7328/TIMS7328%20A3%20Rubric.pdf,
7660,TIMS7334,GA5,A2 Team Project: Sustainability Strategy Report and Presentation (50%),Awaiting LD check,https://uq.sharepoint.com/teams/bs3u7kls/Shared%20Documents/Curriculum%20Uplift%20and%20New%20Course%20Development/01.%20Assurance%20of%20Learning%20(AoL)/4.%20AoL%20(Sean)/TIMS7334/TIMS7334%20A2%20Rubric.pdf,
7620,MGTS7308,GA3,A1 Map the System Proposal (20%),Awaiting LD check,https://uq.sharepoint.com/teams/bs3u7kls/Shared%20Documents/Curriculum%20Uplift%20and%20New%20Course%20Development/01.%20Assurance%20of%20Learning%20(AoL)/4.%20AoL%20(Sean)/MGTS7308/MGTS7308%20Assessment%201_Outline%20and%20Rubric.pdf,
7620,TOUR1000,GA5,A2 Destination Pitch (40%),Awaiting LD check,https://uq.sharepoint.com/teams/bs3u7kls/Shared%20Documents/Curriculum%20Uplift%20and%20New%20Course%20Development/01.%20Assurance%20of%20Learning%20(AoL)/4.%20AoL%20(Sean)/TOUR1000/TOUR1000%202026%20S1%20Assessment%202%20Rubric%20with%20AoL%20-%20V02.pdf,
7660,TOUR1002,GA2,A3 Visitor Experience Redesign Proposal Report,Awaiting LD check,https://uq.sharepoint.com/teams/bs3u7kls/Shared%20Documents/Curriculum%20Uplift%20and%20New%20Course%20Development/01.%20Assurance%20of%20Learning%20(AoL)/4.%20AoL%20(Sean)/TOUR1002/TOUR1002%20A3%20Rubric.docx,
7620,TOUR7053,GA3,A1 Engaging with Stakeholders in Tourism in Developing Countries,Awaiting LD check,https://uq.sharepoint.com/teams/bs3u7kls/Shared%20Documents/Curriculum%20Uplift%20and%20New%20Course%20Development/01.%20Assurance%20of%20Learning%20(AoL)/4.%20AoL%20(Sean)/TOUR7053/2026_TOUR7053_A1%20Rubric.pdf,
7620,TOUR7021,GA5,A1 Service Experience Oral Pitch,Awaiting LD check,https://uq.sharepoint.com/teams/bs3u7kls/Shared%20Documents/Curriculum%20Uplift%20and%20New%20Course%20Development/01.%20Assurance%20of%20Learning%20(AoL)/4.%20AoL%20(Sean)/TOUR7021/TOUR7021%20%E2%80%93%20Service%20Experience%20Pitch%20%E2%80%93%20Marking%20Rubric.docx,
7620,TOUR7023,GA6,A2 Case Study (50%),Awaiting LD check,https://uq.sharepoint.com/teams/bs3u7kls/Shared%20Documents/Curriculum%20Uplift%20and%20New%20Course%20Development/01.%20Assurance%20of%20Learning%20(AoL)/4.%20AoL%20(Sean)/TOUR7023/A2-TOUR7023%20Rubric.pdf,
7620,TOUR7031,GA5,A2 Management Consultant Briefing,Awaiting LD check,https://uq.sharepoint.com/teams/bs3u7kls/Shared%20Documents/Curriculum%20Uplift%20and%20New%20Course%20Development/01.%20Assurance%20of%20Learning%20(AoL)/4.%20AoL%20(Sean)/TOUR7031/TOUR7031%20-%20Rubric.pdf,
7620,TOUR7032,GA2,A3 Market Research Project,Awaiting LD check,https://uq.sharepoint.com/teams/bs3u7kls/Shared%20Documents/Curriculum%20Uplift%20and%20New%20Course%20Development/01.%20Assurance%20of%20Learning%20(AoL)/4.%20AoL%20(Sean)/TOUR7032/TOUR7032%20Assessment%203-%20marking%20criteria.xlsx,
7660,TOUR7050,GA1,"A2: Special Interest Tourism Market Analysis, including the tour reflection (30%)",Active,https://uq.sharepoint.com/teams/bs3u7kls/Shared%20Documents/Curriculum%20Uplift%20and%20New%20Course%20Development/01.%20Assurance%20of%20Learning%20(AoL)/4.%20AoL%20(Sean)/TOUR7050/TOUR7050_A2_Rubric_GA1.docx,
7660,BISM7213,GA4,"Assignment 2: Question 3
Indigenous Data Sovereignty and Information Security","Approved, not installed",,
7660,EIBS7303,GA3,A1 In-Class Activities,Awaiting LD check,https://uq.sharepoint.com/teams/bs3u7kls/Shared%20Documents/Curriculum%20Uplift%20and%20New%20Course%20Development/01.%20Assurance%20of%20Learning%20(AoL)/4.%20AoL%20(Sean)/EIBS7303/A1%20-%20Rubric%20for%20In-Class%20Activities.pdf,
7660,EIBS7303,GA6,A2 Group Report,Awaiting LD check,https://uq.sharepoint.com/teams/bs3u7kls/Shared%20Documents/Curriculum%20Uplift%20and%20New%20Course%20Development/01.%20Assurance%20of%20Learning%20(AoL)/4.%20AoL%20(Sean)/EIBS7303/A2%20-%20Rubric%20for%20Group%20Report.pdf,
7660,EIBS7303,GA1,A3 Individual Reflection,Awaiting LD check,https://uq.sharepoint.com/teams/bs3u7kls/Shared%20Documents/Curriculum%20Uplift%20and%20New%20Course%20Development/01.%20Assurance%20of%20Learning%20(AoL)/4.%20AoL%20(Sean)/EIBS7303/A3%20-%20Rubric%20for%20Individual%20Reflection.pdf,
7660,BSAN7209,GA6,A3 Reflective Report (20%),Awaiting LD check,https://uq.sharepoint.com/teams/bs3u7kls/Shared%20Documents/Curriculum%20Uplift%20and%20New%20Course%20Development/01.%20Assurance%20of%20Learning%20(AoL)/4.%20AoL%20(Sean)/BSAN7209/BSAN7209_A3_Rubric.pdf,
7620,TIMS7317,GA4,A3 Community Project,Awaiting LD check,https://uq.sharepoint.com/teams/bs3u7kls/Shared%20Documents/Curriculum%20Uplift%20and%20New%20Course%20Development/01.%20Assurance%20of%20Learning%20(AoL)/4.%20AoL%20(Sean)/TIMS7317/TIMS7317%202026%20S1%20A3%20Rubric.pdf,
7660,TOUR1004,GA1,A3,Rubric in development,https://uq.sharepoint.com/teams/bs3u7kls/Shared%20Documents/Curriculum%20Uplift%20and%20New%20Course%20Development/01.%20Assurance%20of%20Learning%20(AoL)/4.%20AoL%20(Sean)/TOUR1004/TOUR1004_Assessment_3_Marking_Criteria_S2_2026.pdf,
7660,HOSP3004,GA2,A1 Written Report (40%),Active,https://uq.sharepoint.com/teams/bs3u7kls/Shared%20Documents/Curriculum%20Uplift%20and%20New%20Course%20Development/01.%20Assurance%20of%20Learning%20(AoL)/4.%20AoL%20(Sean)/HOSP3004/HOSP3004-Report%20Rubric.docx,
7660,BSAN7208,GA2,A2 Project Report (45%),Partial mapping,https://uq.sharepoint.com/teams/bs3u7kls/Shared%20Documents/Curriculum%20Uplift%20and%20New%20Course%20Development/01.%20Assurance%20of%20Learning%20(AoL)/4.%20AoL%20(Sean)/BSAN7208/BSAN7208_A2_Rubric.pdf,
7660,ACCT1111,GA1,,Identified,,
7660,ACCT2110,GA2,"A1, A3 Online In-semester Exam",Identified,,
7660,ACCT2113,GA2,,Identified,,
7660,ACCT7102,GA5,A2 Individual Case Study Assignment,Identified,,
7660,ACCT7103,GA6,A2 Case Study: Audit Planning and testing,Identified,,
7660,ACCT7104,GA2,"A1, A2, A3 Case Study",Identified,,
7660,ACCT7106,GA2,"A1, A2 Financial Statement Analysis Project - Part 1",Identified,,
7660,ACCT7107,GA1,"A1, A3 In-Semester Exam During Class",Identified,,
7660,ADVT7513,GA6,"A2, A3",Identified,,
7660,BISM2203,GA2,"A1, A3 A1: Process Modelling",Identified,,
7660,BISM3205,GA4,,Identified,,
7660,BISM3208,GA5,"A1, A3 Emerging Technology: Team presentation",Identified,,
7660,BISM7216,GA2,"A1, A3 A1: Process Modelling",Identified,,
7660,BISM7216,GA3,,TBD,,
7660,BISM7217,GA1,"A1, A2, A3 ML Mastery Quizzes",Identified,,
7660,BISM7233,GA2,"A1, A2 Data Integration Using SSIS",Identified,,
7660,BISM7255,GA4,,TBD,,
7660,BSAN3210,GA5,,Identified,,
7660,BSAN4201,GA3,,Identified,,
7660,BSAN4204,GA5,,Identified,,
7660,BSAN7211,GA1,,Identified,,
7660,BSAN7212,GA1,,Identified,,
7660,BSAN7213,GA2,,Identified,,
7660,BSAN7215,GA2,,Identified,,
7660,EIBS7302,GA1,A3 Self-written case study,Rubric in development,,
7660,EIBS7302,GA2,A3 Self-written case study,Rubric in development,,
7660,EIBS7302,GA5,A3 Self-written case study,Rubric in development,,
7660,EVNT7050,GA6,,Identified,,
7660,EVNT7051,GA5,,Identified,,
7660,FINM1415,GA3,A1 Team Project,Identified,,
7660,FINM2416,GA2,A2 Equity Valuation and Portfolio Simulation,Identified,,
7660,FINM3403,GA3,A2 Case Study - Assignment,Identified,,
7660,FINM3404,GA5,A1 In-Semester Exam,Identified,,
7660,FINM3406,GA6,A2 Group Report - Evaluation of Real Estate Project,Identified,,
7660,FINM3407,GA1,"A1, A3 In-Semester Exam (TBC - waiting for School Approval for Saturday Exam. More details will be shared)",Identified,,
7660,FINM3414,GA2,,Identified,,
7660,FINM7105,GA2,A1 A1: Report and Trading Game Simulation,Rubric in development,,
7660,FINM7105,GA3,,Identified,,
7660,FINM7403,GA3,A2 Group Presentations and Reflection,Identified,,
7660,FINM7405,GA3,A2 Trading Game,Identified,,
7660,FINM7406,GA5,A2 Individual Project,Identified,,
7660,IBUS7306,GA2,A2 Innovation in Global Business Systems using Teaming and Design Thinking,Identified,,
7660,IBUS7306,GA5,"A1, A2 Wicked Debates",Identified,,
7660,IBUS7322,GA3,A2 International Service Operations Team Oral Presentation,Identified,,
7660,MGTS2301,GA1,A1 Assessment 1: In-Semester Examination,Identified,,
7660,MGTS7303,GA1,A3 Reflection,Identified,,
7660,MGTS7303,GA3,A2 Business Simulation of Strategic Choice,Identified,,
7660,MGTS7309,GA3,A1 Case Studies,Identified,,
7660,MGTS7329,GA3,A4,Identified,,
7660,RBUS3900,GA2,,Identified,,
7660,TIMS2302,GA1,A1 A1 | multi-team debate,Identified,,
7660,TIMS2302,GA2,A3 F1 | Week 4 checkpoint,Identified,,
7660,TIMS2302,GA5,A2 A2 | Analytical thinking,Identified,,
7660,TIMS3302,GA1,A2 Analysis | Across 4 case topics,Identified,,
7660,TIMS3302,GA2,A3 Case Study | Emerging opportunities,Identified,,
7660,TIMS3302,GA5,"A1 Team Presentations | Pitch, Video, Autopsy",Identified,,
7660,TIMS3304,GA1,"A2, A4 Test the Problem: Peer Feedback",Identified,,
7660,TIMS3311,GA1,A3 Project report or business case,Identified,,
7660,TIMS3311,GA2,A3 Project report or business case,Identified,,
7660,TIMS7301,GA1,A3 Case Study | Emerging opportunities,Identified,,
7660,TIMS7301,GA2,A3 Case Study | Emerging opportunities,Identified,,
7660,TIMS7329,GA5,"A1, A2, A3 Test the Problem & Solution Review",Identified,,
7660,TOUR3008,GA2,,TBD,,
7660,TOUR7051,GA2,,Identified,,
7660,TRVT2000,GA1,,TBD,,
7660,TRVT2001,GA5,,TBD,,
7660,TRVT2002,GA2,,Identified,,
7660,TRVT2002,GA5,,TBD,,
7660,TRVT2003,GA5,,Identified,,
7660,TRVT3001,GA4,,TBD,,
7660,TRVT3002,GA3,,TBD,,
7660,TRVT3003,GA6,,Identified,,
7660,TRVT3004,GA2,,Identified,,
7660,TRVT3004,GA5,,TBD,,
